tempo,deslocamento,força
"0,0000","0,0000","0,0067"
"0,0500","0,0017","0,0072"
"0,1000","0,0080","0,0758"
"0,1500","0,0175","0,2706"
"0,2000","0,0276","0,5008"
"0,2500","0,0375","0,7304"
"0,3000","0,0472","0,9511"
"0,3500","0,0565","1,1490"
"0,4000","0,0656","1,3209"
"0,4500","0,0744","1,4905"
"0,5000","0,0832","1,6588"
"0,5500","0,0917","1,8239"
"0,6000","0,1002","1,9840"
"0,6500","0,1086","2,1386"
"0,7000","0,1169","2,2912"
"0,7500","0,1251","2,4416"
"0,8000","0,1336","2,5902"
"0,8500","0,1419","2,7403"
"0,9000","0,1503","2,8876"
"0,9500","0,1587","3,0329"
"1,0000","0,1669","3,1776"
"1,0500","0,1752","3,3206"
"1,1000","0,1836","3,4651"
"1,1500","0,1920","3,6106"
"1,2000","0,2004","3,7520"
"1,2500","0,2087","3,8951"
"1,3000","0,2169","4,0365"
"1,3500","0,2252","4,1729"
"1,4000","0,2335","4,3095"
"1,4500","0,2418","4,4481"
"1,5000","0,2502","4,5849"
"1,5500","0,2587","4,7254"
"1,6000","0,2670","4,8651"
"1,6500","0,2753","5,0011"
"1,7000","0,2837","5,1388"
"1,7500","0,2920","5,2769"
"1,8000","0,3003","5,4166"
"1,8500","0,3086","5,5569"
"1,9000","0,3169","5,6931"
"1,9500","0,3252","5,8279"
"2,0000","0,3335","5,9639"
"2,0500","0,3418","6,0984"
"2,1000","0,3501","6,2338"
"2,1500","0,3584","6,3644"
"2,2000","0,3668","6,4842"
"2,2500","0,3752","6,6047"
"2,3000","0,3834","6,7257"
"2,3500","0,3917","6,8350"
"2,4000","0,4001","6,9453"
"2,4500","0,4084","7,0510"
"2,5000","0,4167","7,1503"
"2,5500","0,4252","7,2501"
"2,6000","0,4335","7,3488"
"2,6500","0,4418","7,4400"
"2,7000","0,4502","7,5354"
"2,7500","0,4585","7,6255"
"2,8000","0,4668","7,7128"
"2,8500","0,4753","7,8065"
"2,9000","0,4836","7,8956"
"2,9500","0,4918","7,9813"
"3,0000","0,5001","8,0681"
"3,0500","0,5085","8,1514"
"3,1000","0,5169","8,2357"
"3,1500","0,5253","8,3256"
"3,2000","0,5337","8,4086"
"3,2500","0,5420","8,4930"
"3,3000","0,5503","8,5742"
"3,3500","0,5586","8,6545"
"3,4000","0,5669","8,7405"
"3,4500","0,5752","8,8256"
"3,5000","0,5836","8,9067"
"3,5500","0,5920","8,9923"
"3,6000","0,6003","9,0728"
"3,6500","0,6085","9,1529"
"3,7000","0,6170","9,2377"
"3,7500","0,6253","9,3191"
"3,8000","0,6336","9,3991"
"3,8500","0,6421","9,4817"
"3,9000","0,6503","9,5609"
"3,9500","0,6585","9,6395"
"4,0000","0,6668","9,7216"
"4,0500","0,6751","9,7982"
"4,1000","0,6835","9,8743"
"4,1500","0,6919","9,9543"
"4,2000","0,7004","10,0291"
"4,2500","0,7087","10,1030"
"4,3000","0,7170","10,1755"
"4,3500","0,7253","10,2415"
"4,4000","0,7337","10,3104"
"4,4500","0,7420","10,3784"
"4,5000","0,7504","10,4370"
"4,5500","0,7587","10,4957"
"4,6000","0,7669","10,5453"
"4,6500","0,7751","10,5823"
"4,7000","0,7835","10,6252"
"4,7500","0,7919","10,6615"
"4,8000","0,8003","10,6853"
"4,8500","0,8088","10,7058"
"4,9000","0,8171","10,7151"
"4,9500","0,8254","10,7152"
"5,0000","0,8337","10,7123"
"5,0500","0,8420","10,6996"
"5,1000","0,8503","10,6761"
"5,1500","0,8588","10,6405"
"5,2000","0,8671","10,5702"
"5,2500","0,8754","10,4890"
"5,3000","0,8837","10,4367"
"5,3500","0,8921","10,4215"
"5,4000","0,9004","10,4299"
"5,4500","0,9088","10,4443"
"5,5000","0,9172","10,4554"
"5,5500","0,9255","10,4673"
"5,6000","0,9337","10,4707"
"5,6500","0,9420","10,4635"
"5,7000","0,9503","10,4615"
"5,7500","0,9585","10,4593"
"5,8000","0,9669","10,4551"
"5,8500","0,9753","10,4552"
"5,9000","0,9836","10,4474"
"5,9500","0,9920","10,4293"
"6,0000","1,0003","10,4165"
"6,0500","1,0086","10,4042"
"6,1000","1,0170","10,3883"
"6,1500","1,0254","10,3822"
"6,2000","1,0337","10,3725"
"6,2500","1,0420","10,3653"
"6,3000","1,0503","10,3640"
"6,3500","1,0586","10,3590"
"6,4000","1,0669","10,3544"
"6,4500","1,0753","10,3533"
"6,5000","1,0838","10,3520"
"6,5500","1,0922","10,3577"
"6,6000","1,1004","10,3659"
"6,6500","1,1087","10,3751"
"6,7000","1,1170","10,3907"
"6,7500","1,1253","10,4043"
"6,8000","1,1337","10,4161"
"6,8500","1,1422","10,4320"
"6,9000","1,1504","10,4406"
"6,9500","1,1587","10,4443"
"7,0000","1,1671","10,4534"
"7,0500","1,1754","10,4603"
"7,1000","1,1837","10,4655"
"7,1500","1,1922","10,4767"
"7,2000","1,2005","10,4810"
"7,2500","1,2087","10,4838"
"7,3000","1,2171","10,4912"
"7,3500","1,2253","10,4981"
"7,4000","1,2337","10,5055"
"7,4500","1,2421","10,5162"
"7,5000","1,2504","10,5194"
"7,5500","1,2587","10,5231"
"7,6000","1,2671","10,5309"
"7,6500","1,2754","10,5356"
"7,7000","1,2837","10,5440"
"7,7500","1,2920","10,5498"
"7,8000","1,3004","10,5517"
"7,8500","1,3087","10,5587"
"7,9000","1,3169","10,5620"
"7,9500","1,3252","10,5615"
"8,0000","1,3337","10,5649"
"8,0500","1,3420","10,5633"
"8,1000","1,3504","10,5602"
"8,1500","1,3589","10,5659"
"8,2000","1,3671","10,5678"
"8,2500","1,3753","10,5679"
"8,3000","1,3836","10,5725"
"8,3500","1,3919","10,5737"
"8,4000","1,4004","10,5741"
"8,4500","1,4088","10,5741"
"8,5000","1,4170","10,5711"
"8,5500","1,4254","10,5634"
"8,6000","1,4337","10,5612"
"8,6500","1,4420","10,5582"
"8,7000","1,4504","10,5586"
"8,7500","1,4588","10,5655"
"8,8000","1,4671","10,5669"
"8,8500","1,4754","10,5729"
"8,9000","1,4837","10,5788"
"8,9500","1,4920","10,5807"
"9,0000","1,5004","10,5877"
"9,0500","1,5087","10,5937"
"9,1000","1,5171","10,5958"
"9,1500","1,5256","10,6046"
"9,2000","1,5338","10,6063"
"9,2500","1,5420","10,6082"
"9,3000","1,5504","10,6125"
"9,3500","1,5587","10,6095"
"9,4000","1,5670","10,6080"
"9,4500","1,5754","10,6135"
"9,5000","1,5837","10,6151"
"9,5500","1,5920","10,6195"
"9,6000","1,6003","10,6245"
"9,6500","1,6087","10,6238"
"9,7000","1,6170","10,6255"
"9,7500","1,6254","10,6296"
"9,8000","1,6337","10,6272"
"9,8500","1,6419","10,6245"
"9,9000","1,6502","10,6233"
"9,9500","1,6586","10,6187"
"10,0000","1,6669","10,6174"
"10,0500","1,6753","10,6234"
"10,1000","1,6837","10,6236"
"10,1500","1,6921","10,6288"
"10,2000","1,7004","10,6276"
"10,2500","1,7087","10,6272"
"10,3000","1,7171","10,6312"
"10,3500","1,7254","10,6299"
"10,4000","1,7337","10,6263"
"10,4500","1,7421","10,6255"
"10,5000","1,7505","10,6208"
"10,5500","1,7587","10,6191"
"10,6000","1,7671","10,6239"
"10,6500","1,7754","10,6235"
"10,7000","1,7837","10,6255"
"10,7500","1,7921","10,6275"
"10,8000","1,8005","10,6261"
"10,8500","1,8088","10,6223"
"10,9000","1,8171","10,6214"
"10,9500","1,8254","10,6181"
"11,0000","1,8337","10,6194"
"11,0500","1,8420","10,6231"
"11,1000","1,8504","10,6241"
"11,1500","1,8587","10,6274"
"11,2000","1,8669","10,6240"
"11,2500","1,8752","10,6180"
"11,3000","1,8837","10,6233"
"11,3500","1,8920","10,6245"
"11,4000","1,9003","10,6213"
"11,4500","1,9087","10,6264"
"11,5000","1,9169","10,6267"
"11,5500","1,9252","10,6265"
"11,6000","1,9337","10,6313"
"11,6500","1,9420","10,6285"
"11,7000","1,9503","10,6275"
"11,7500","1,9588","10,6299"
"11,8000","1,9671","10,6265"
"11,8500","1,9754","10,6255"
"11,9000","1,9838","10,6278"
"11,9500","1,9921","10,6244"
"12,0000","2,0004","10,6256"
"12,0500","2,0087","10,6269"
"12,1000","2,0169","10,6220"
"12,1500","2,0253","10,6222"
"12,2000","2,0337","10,6239"
"12,2500","2,0419","10,6185"
"12,3000","2,0504","10,6203"
"12,3500","2,0587","10,6224"
"12,4000","2,0672","10,6181"
"12,4500","2,0755","10,6202"
"12,5000","2,0837","10,6237"
"12,5500","2,0920","10,6191"
"12,6000","2,1003","10,6228"
"12,6500","2,1086","10,6258"
"12,7000","2,1169","10,6254"
"12,7500","2,1254","10,6319"
"12,8000","2,1337","10,6303"
"12,8500","2,1420","10,6252"
"12,9000","2,1504","10,6305"
"12,9500","2,1589","10,6315"
"13,0000","2,1672","10,6326"
"13,0500","2,1756","10,6332"
"13,1000","2,1839","10,6266"
"13,1500","2,1921","10,6247"
"13,2000","2,2003","10,6261"
"13,2500","2,2086","10,6224"
"13,3000","2,2169","10,6239"
"13,3500","2,2253","10,6255"
"13,4000","2,2337","10,6228"
"13,4500","2,2420","10,6245"
"13,5000","2,2503","10,6201"
"13,5500","2,2586","10,6160"
"13,6000","2,2670","10,6178"
"13,6500","2,2752","10,6165"
"13,7000","2,2835","10,6125"
"13,7500","2,2920","10,6142"
"13,8000","2,3002","10,6117"
"13,8500","2,3085","10,6084"
"13,9000","2,3170","10,6144"
"13,9500","2,3253","10,6167"
"14,0000","2,3337","10,6168"
"14,0500","2,3421","10,6174"
"14,1000","2,3504","10,6088"
"14,1500","2,3586","10,6007"
"14,2000","2,3670","10,6026"
"14,2500","2,3753","10,5998"
"14,3000","2,3837","10,6009"
"14,3500","2,3921","10,6021"
"14,4000","2,4004","10,6001"
"14,4500","2,4088","10,6026"
"14,5000","2,4171","10,6048"
"14,5500","2,4254","10,6071"
"14,6000","2,4338","10,6125"
"14,6500","2,4420","10,6105"
"14,7000","2,4505","10,6096"
"14,7500","2,4588","10,6165"
"14,8000","2,4670","10,6169"
"14,8500","2,4753","10,6143"
"14,9000","2,4837","10,6123"
"14,9500","2,4920","10,5989"
"15,0000","2,5004","10,5697"
"15,0500","2,5088","10,5137"
"15,1000","2,5171","10,4933"
"15,1500","2,5254","10,5253"
"15,2000","2,5337","10,5770"
"15,2500","2,5419","10,6261"
"15,3000","2,5503","10,6726"
"15,3500","2,5587","10,7142"
"15,4000","2,5670","10,7435"
"15,4500","2,5753","10,7738"
"15,5000","2,5836","10,8008"
"15,5500","2,5920","10,8225"
"15,6000","2,6004","10,8447"
"15,6500","2,6087","10,8609"
"15,7000","2,6171","10,8751"
"15,7500","2,6254","10,8912"
"15,8000","2,6337","10,9015"
"15,8500","2,6420","10,9090"
"15,9000","2,6503","10,9203"
"15,9500","2,6586","10,9284"
"16,0000","2,6670","10,9356"
"16,0500","2,6755","10,9472"
"16,1000","2,6837","10,9518"
"16,1500","2,6920","10,9554"
"16,2000","2,7005","10,9636"
"16,2500","2,7087","10,9688"
"16,3000","2,7171","10,9766"
"16,3500","2,7254","10,9856"
"16,4000","2,7337","10,9859"
"16,4500","2,7419","10,9914"
"16,5000","2,7503","11,0029"
"16,5500","2,7586","11,0073"
"16,6000","2,7670","11,0134"
"16,6500","2,7754","11,0188"
"16,7000","2,7837","11,0203"
"16,7500","2,7921","11,0285"
"16,8000","2,8002","11,0348"
"16,8500","2,8086","11,0381"
"16,9000","2,8169","11,0465"
"16,9500","2,8252","11,0509"
"17,0000","2,8336","11,0550"
"17,0500","2,8420","11,0654"
"17,1000","2,8503","11,0680"
"17,1500","2,8585","11,0703"
"17,2000","2,8669","11,0783"
"17,2500","2,8753","11,0833"
"17,3000","2,8836","11,0893"
"17,3500","2,8921","11,0987"
"17,4000","2,9003","11,0990"
"17,4500","2,9086","11,1025"
"17,5000","2,9170","11,1103"
"17,5500","2,9254","11,1150"
"17,6000","2,9338","11,1234"
"17,6500","2,9421","11,1278"
"17,7000","2,9505","11,1296"
"17,7500","2,9587","11,1358"
"17,8000","2,9670","11,1411"
"17,8500","2,9754","11,1462"
"17,9000","2,9837","11,1544"
"17,9500","2,9920","11,1570"
"18,0000","3,0005","11,1620"
"18,0500","3,0088","11,1702"
"18,1000","3,0170","11,1736"
"18,1500","3,0253","11,1768"
"18,2000","3,0337","11,1842"
"18,2500","3,0421","11,1875"
"18,3000","3,0505","11,1944"
"18,3500","3,0588","11,2025"
"18,4000","3,0670","11,2022"
"18,4500","3,0753","11,2063"
"18,5000","3,0836","11,2139"
"18,5500","3,0920","11,2180"
"18,6000","3,1004","11,2269"
"18,6500","3,1088","11,2332"
"18,7000","3,1171","11,2334"
"18,7500","3,1254","11,2393"
"18,8000","3,1338","11,2450"
"18,8500","3,1421","11,2473"
"18,9000","3,1504","11,2548"
"18,9500","3,1587","11,2591"
"19,0000","3,1670","11,2616"
"19,0500","3,1753","11,2692"
"19,1000","3,1836","11,2736"
"19,1500","3,1919","11,2768"
"19,2000","3,2002","11,2832"
"19,2500","3,2086","11,2866"
"19,3000","3,2170","11,2923"
"19,3500","3,2255","11,3000"
"19,4000","3,2337","11,3012"
"19,4500","3,2420","11,3049"
"19,5000","3,2503","11,3115"
"19,5500","3,2586","11,3136"
"19,6000","3,2670","11,3217"
"19,6500","3,2754","11,3296"
"19,7000","3,2836","11,3298"
"19,7500","3,2919","11,3334"
"19,8000","3,3003","11,3404"
"19,8500","3,3086","11,3439"
"19,9000","3,3170","11,3494"
"19,9500","3,3254","11,3566"
"20,0000","3,3337","11,3562"
"20,0500","3,3421","11,3621"
"20,1000","3,3502","11,3691"
"20,1500","3,3586","11,3710"
"20,2000","3,3670","11,3786"
"20,2500","3,3753","11,3815"
"20,3000","3,3837","11,3841"
"20,3500","3,3921","11,3920"
"20,4000","3,4003","11,3946"
"20,4500","3,4086","11,3964"
"20,5000","3,4170","11,4032"
"20,5500","3,4252","11,4048"
"20,6000","3,4336","11,4115"
"20,6500","3,4419","11,4200"
"20,7000","3,4502","11,4198"
"20,7500","3,4585","11,4226"
"20,8000","3,4669","11,4306"
"20,8500","3,4753","11,4339"
"20,9000","3,4836","11,4411"
"20,9500","3,4921","11,4472"
"21,0000","3,5004","11,4459"
"21,0500","3,5087","11,4509"
"21,1000","3,5169","11,4548"
"21,1500","3,5252","11,4602"
"21,2000","3,5337","11,4667"
"21,2500","3,5420","11,4690"
"21,3000","3,5505","11,4721"
"21,3500","3,5589","11,4791"
"21,4000","3,5671","11,4804"
"21,4500","3,5755","11,4852"
"21,5000","3,5839","11,4904"
"21,5500","3,5922","11,4917"
"21,6000","3,6005","11,4969"
"21,6500","3,6088","11,5033"
"21,7000","3,6170","11,5043"
"21,7500","3,6252","11,5076"
"21,8000","3,6336","11,5137"
"21,8500","3,6420","11,5168"
"21,9000","3,6503","11,5236"
"21,9500","3,6588","11,5283"
"22,0000","3,6671","11,5298"
"22,0500","3,6754","11,5331"
"22,1000","3,6837","11,5375"
"22,1500","3,6920","11,5424"
"22,2000","3,7004","11,5486"
"22,2500","3,7087","11,5513"
"22,3000","3,7171","11,5529"
"22,3500","3,7254","11,5580"
"22,4000","3,7336","11,5609"
"22,4500","3,7420","11,5660"
"22,5000","3,7504","11,5714"
"22,5500","3,7587","11,5728"
"22,6000","3,7672","11,5767"
"22,6500","3,7755","11,5825"
"22,7000","3,7837","11,5839"
"22,7500","3,7920","11,5880"
"22,8000","3,8003","11,5910"
"22,8500","3,8085","11,5941"
"22,9000","3,8170","11,6013"
"22,9500","3,8254","11,6075"
"23,0000","3,8336","11,6064"
"23,0500","3,8420","11,6097"
"23,1000","3,8504","11,6140"
"23,1500","3,8588","11,6176"
"23,2000","3,8671","11,6241"
"23,2500","3,8754","11,6276"
"23,3000","3,8837","11,6297"
"23,3500","3,8921","11,6333"
"23,4000","3,9002","11,6363"
"23,4500","3,9086","11,6406"
"23,5000","3,9170","11,6466"
"23,5500","3,9254","11,6489"
"23,6000","3,9338","11,6529"
"23,6500","3,9422","11,6578"
"23,7000","3,9504","11,6594"
"23,7500","3,9586","11,6630"
"23,8000","3,9670","11,6678"
"23,8500","3,9752","11,6691"
"23,9000","3,9837","11,6754"
"23,9500","3,9920","11,6822"
"24,0000","4,0003","11,6812"
"24,0500","4,0086","11,6832"
"24,1000","4,0170","11,6890"
"24,1500","4,0253","11,6908"
"24,2000","4,0337","11,6960"
"24,2500","4,0421","11,7018"
"24,3000","4,0504","11,7008"
"24,3500","4,0586","11,7038"
"24,4000","4,0669","11,7085"
"24,4500","4,0752","11,7112"
"24,5000","4,0836","11,7183"
"24,5500","4,0920","11,7200"
"24,6000","4,1004","11,7213"
"24,6500","4,1087","11,7277"
"24,7000","4,1170","11,7303"
"24,7500","4,1254","11,7338"
"24,8000","4,1337","11,7378"
"24,8500","4,1420","11,7380"
"24,9000","4,1504","11,7419"
"24,9500","4,1587","11,7485"
"25,0000","4,1670","11,7494"
"25,0500","4,1753","11,7536"
"25,1000","4,1837","11,7574"
"25,1500","4,1921","11,7587"
"25,2000","4,2005","11,7644"
"25,2500","4,2089","11,7694"
"25,3000","4,2172","11,7692"
"25,3500","4,2254","11,7719"
"25,4000","4,2337","11,7749"
"25,4500","4,2420","11,7773"
"25,5000","4,2504","11,7836"
"25,5500","4,2587","11,7883"
"25,6000","4,2671","11,7891"
"25,6500","4,2753","11,7916"
"25,7000","4,2836","11,7943"
"25,7500","4,2919","11,7965"
"25,8000","4,3004","11,8034"
"25,8500","4,3087","11,8064"
"25,9000","4,3170","11,8073"
"25,9500","4,3254","11,8111"
"26,0000","4,3335","11,8115"
"26,0500","4,3419","11,8163"
"26,1000","4,3503","11,8234"
"26,1500","4,3586","11,8239"
"26,2000","4,3670","11,8263"
"26,2500","4,3755","11,8321"
"26,3000","4,3837","11,8321"
"26,3500","4,3921","11,8362"
"26,4000","4,4004","11,8410"
"26,4500","4,4087","11,8395"
"26,5000","4,4171","11,8440"
"26,5500","4,4255","11,8480"
"26,6000","4,4337","11,8500"
"26,6500","4,4420","11,8547"
"26,7000","4,4504","11,8568"
"26,7500","4,4587","11,8569"
"26,8000","4,4671","11,8633"
"26,8500","4,4755","11,8668"
"26,9000","4,4839","11,8705"
"26,9500","4,4922","11,8730"
"27,0000","4,5004","11,8720"
"27,0500","4,5086","11,8753"
"27,1000","4,5170","11,8805"
"27,1500","4,5253","11,8828"
"27,2000","4,5337","11,8878"
"27,2500","4,5421","11,8919"
"27,3000","4,5503","11,8899"
"27,3500","4,5586","11,8925"
"27,4000","4,5670","11,9000"
"27,4500","4,5753","11,9011"
"27,5000","4,5837","11,9049"
"27,5500","4,5921","11,9082"
"27,6000","4,6003","11,9060"
"27,6500","4,6086","11,9098"
"27,7000","4,6169","11,9148"
"27,7500","4,6253","11,9166"
"27,8000","4,6336","11,9219"
"27,8500","4,6421","11,9226"
"27,9000","4,6504","11,9238"
"27,9500","4,6587","11,9290"
"28,0000","4,6670","11,9309"
"28,0500","4,6752","11,9340"
"28,1000","4,6836","11,9369"
"28,1500","4,6919","11,9374"
"28,2000","4,7003","11,9423"
"28,2500","4,7086","11,9472"
"28,3000","4,7169","11,9473"
"28,3500","4,7252","11,9515"
"28,4000","4,7337","11,9546"
"28,4500","4,7420","11,9544"
"28,5000","4,7504","11,9589"
"28,5500","4,7587","11,9642"
"28,6000","4,7670","11,9631"
"28,6500","4,7753","11,9649"
"28,7000","4,7836","11,9688"
"28,7500","4,7919","11,9706"
"28,8000","4,8004","11,9758"
"28,8500","4,8088","11,9795"
"28,9000","4,8171","11,9789"
"28,9500","4,8254","11,9822"
"29,0000","4,8337","11,9829"
"29,0500","4,8421","11,9855"
"29,1000","4,8504","11,9912"
"29,1500","4,8587","11,9924"
"29,2000","4,8671","11,9943"
"29,2500","4,8755","11,9973"
"29,3000","4,8837","11,9982"
"29,3500","4,8921","12,0019"
"29,4000","4,9004","12,0066"
"29,4500","4,9088","12,0070"
"29,5000","4,9172","12,0100"
"29,5500","4,9256","12,0120"
"29,6000","4,9338","12,0114"
"29,6500","4,9421","12,0161"
"29,7000","4,9503","12,0218"
"29,7500","4,9586","12,0200"
"29,8000","4,9670","12,0229"
"29,8500","4,9753","12,0289"
"29,9000","4,9836","12,0281"
"29,9500","4,9920","12,0328"
"30,0000","5,0003","12,0365"
"30,0500","5,0087","12,0343"
"30,1000","5,0171","12,0391"
"30,1500","5,0255","12,0431"
"30,2000","5,0338","12,0432"
"30,2500","5,0420","12,0465"
"30,3000","5,0503","12,0460"
"30,3500","5,0587","12,0476"
"30,4000","5,0670","12,0528"
"30,4500","5,0753","12,0540"
"30,5000","5,0838","12,0590"
"30,5500","5,0922","12,0619"
"30,6000","5,1003","12,0594"
"30,6500","5,1087","12,0633"
"30,7000","5,1171","12,0683"
"30,7500","5,1254","12,0689"
"30,8000","5,1337","12,0732"
"30,8500","5,1421","12,0754"
"30,9000","5,1503","12,0734"
"30,9500","5,1586","12,0762"
"31,0000","5,1669","12,0815"
"31,0500","5,1752","12,0849"
"31,1000","5,1836","12,0881"
"31,1500","5,1921","12,0879"
"31,2000","5,2004","12,0876"
"31,2500","5,2086","12,0915"
"31,3000","5,2169","12,0944"
"31,3500","5,2251","12,0956"
"31,4000","5,2336","12,0996"
"31,4500","5,2420","12,1004"
"31,5000","5,2503","12,1017"
"31,5500","5,2587","12,1061"
"31,6000","5,2670","12,1063"
"31,6500","5,2753","12,1082"
"31,7000","5,2837","12,1106"
"31,7500","5,2921","12,1118"
"31,8000","5,3005","12,1169"
"31,8500","5,3088","12,1193"
"31,9000","5,3170","12,1185"
"31,9500","5,3253","12,1215"
"32,0000","5,3337","12,1234"
"32,0500","5,3421","12,1249"
"32,1000","5,3504","12,1302"
"32,1500","5,3589","12,1331"
"32,2000","5,3671","12,1329"
"32,2500","5,3754","12,1336"
"32,3000","5,3837","12,1345"
"32,3500","5,3919","12,1382"
"32,4000","5,4003","12,1417"
"32,4500","5,4087","12,1431"
"32,5000","5,4170","12,1441"
"32,5500","5,4254","12,1472"
"32,6000","5,4336","12,1471"
"32,6500","5,4419","12,1523"
"32,7000","5,4504","12,1564"
"32,7500","5,4587","12,1543"
"32,8000","5,4671","12,1574"
"32,8500","5,4755","12,1605"
"32,9000","5,4837","12,1585"
"32,9500","5,4920","12,1636"
"33,0000","5,5003","12,1663"
"33,0500","5,5086","12,1641"
"33,1000","5,5170","12,1694"
"33,1500","5,5254","12,1722"
"33,2000","5,5337","12,1723"
"33,2500","5,5420","12,1753"
"33,3000","5,5504","12,1768"
"33,3500","5,5587","12,1756"
"33,4000","5,5671","12,1810"
"33,4500","5,5754","12,1834"
"33,5000","5,5837","12,1838"
"33,5500","5,5920","12,1864"
"33,6000","5,6002","12,1861"
"33,6500","5,6086","12,1870"
"33,7000","5,6170","12,1941"
"33,7500","5,6253","12,1950"
"33,8000","5,6337","12,1970"
"33,8500","5,6420","12,1982"
"33,9000","5,6503","12,1964"
"33,9500","5,6586","12,1982"
"34,0000","5,6670","12,2051"
"34,0500","5,6753","12,2047"
"34,1000","5,6837","12,2054"
"34,1500","5,6921","12,2094"
"34,2000","5,7003","12,2075"
"34,2500","5,7086","12,2114"
"34,3000","5,7170","12,2167"
"34,3500","5,7254","12,2141"
"34,4000","5,7338","12,2168"
"34,4500","5,7422","12,2208"
"34,5000","5,7505","12,2207"
"34,5500","5,7587","12,2223"
"34,6000","5,7671","12,2237"
"34,6500","5,7754","12,2241"
"34,7000","5,7838","12,2282"
"34,7500","5,7920","12,2289"
"34,8000","5,8003","12,2307"
"34,8500","5,8086","12,2341"
"34,9000","5,8169","12,2328"
"34,9500","5,8253","12,2360"
"35,0000","5,8336","12,2394"
"35,0500","5,8419","12,2393"
"35,1000","5,8503","12,2425"
"35,1500","5,8586","12,2453"
"35,2000","5,8668","12,2427"
"35,2500","5,8752","12,2461"
"35,3000","5,8835","12,2513"
"35,3500","5,8919","12,2517"
"35,4000","5,9004","12,2539"
"35,4500","5,9088","12,2552"
"35,5000","5,9171","12,2537"
"35,5500","5,9254","12,2568"
"35,6000","5,9337","12,2595"
"35,6500","5,9421","12,2592"
"35,7000","5,9505","12,2638"
"35,7500","5,9589","12,2633"
"35,8000","5,9672","12,2658"
"35,8500","5,9755","12,2685"
"35,9000","5,9838","12,2679"
"35,9500","5,9921","12,2692"
"36,0000","6,0005","12,2710"
"36,0500","6,0088","12,2710"
"36,1000","6,0172","12,2757"
"36,1500","6,0253","12,2778"
"36,2000","6,0336","12,2758"
"36,2500","6,0419","12,2781"
"36,3000","6,0502","12,2813"
"36,3500","6,0586","12,2823"
"36,4000","6,0670","12,2880"
"36,4500","6,0754","12,2890"
"36,5000","6,0837","12,2862"
"36,5500","6,0921","12,2878"
"36,6000","6,1004","12,2904"
"36,6500","6,1086","12,2908"
"36,7000","6,1170","12,2954"
"36,7500","6,1254","12,2969"
"36,8000","6,1337","12,2951"
"36,8500","6,1420","12,2978"
"36,9000","6,1504","12,3001"
"36,9500","6,1587","12,3012"
"37,0000","6,1670","12,3046"
"37,0500","6,1754","12,3029"
"37,1000","6,1838","12,3063"
"37,1500","6,1921","12,3076"
"37,2000","6,2003","12,3071"
"37,2500","6,2087","12,3105"
"37,3000","6,2170","12,3129"
"37,3500","6,2253","12,3106"
"37,4000","6,2338","12,3143"
"37,4500","6,2421","12,3191"
"37,5000","6,2503","12,3160"
"37,5500","6,2587","12,3177"
"37,6000","6,2670","12,3209"
"37,6500","6,2753","12,3194"
"37,7000","6,2837","12,3245"
"37,7500","6,2920","12,3271"
"37,8000","6,3003","12,3241"
"37,8500","6,3086","12,3261"
"37,9000","6,3169","12,3278"
"37,9500","6,3252","12,3285"
"38,0000","6,3337","12,3347"
"38,0500","6,3421","12,3347"
"38,1000","6,3504","12,3334"
"38,1500","6,3587","12,3360"
"38,2000","6,3670","12,3355"
"38,2500","6,3753","12,3381"
"38,3000","6,3837","12,3423"
"38,3500","6,3920","12,3395"
"38,4000","6,4005","12,3428"
"38,4500","6,4087","12,3460"
"38,5000","6,4170","12,3438"
"38,5500","6,4254","12,3466"
"38,6000","6,4337","12,3480"
"38,6500","6,4420","12,3464"
"38,7000","6,4504","12,3508"
"38,7500","6,4588","12,3537"
"38,8000","6,4670","12,3515"
"38,8500","6,4753","12,3534"
"38,9000","6,4836","12,3544"
"38,9500","6,4919","12,3561"
"39,0000","6,5003","12,3609"
"39,0500","6,5087","12,3621"
"39,1000","6,5171","12,3610"
"39,1500","6,5254","12,3618"
"39,2000","6,5337","12,3623"
"39,2500","6,5420","12,3660"
"39,3000","6,5505","12,3697"
"39,3500","6,5588","12,3668"
"39,4000","6,5671","12,3677"
"39,4500","6,5754","12,3698"
"39,5000","6,5837","12,3695"
"39,5500","6,5920","12,3735"
"39,6000","6,6003","12,3756"
"39,6500","6,6087","12,3725"
"39,7000","6,6171","12,3774"
"39,7500","6,6255","12,3787"
"39,8000","6,6338","12,3779"
"39,8500","6,6420","12,3802"
"39,9000","6,6503","12,3793"
"39,9500","6,6586","12,3802"
"40,0000","6,6670","12,3848"
"40,0500","6,6754","12,3862"
"40,1000","6,6836","12,3872"
"40,1500","6,6920","12,3871"
"40,2000","6,7003","12,3868"
"40,2500","6,7087","12,3900"
"40,3000","6,7171","12,3944"
"40,3500","6,7255","12,3930"
"40,4000","6,7337","12,3927"
"40,4500","6,7420","12,3931"
"40,5000","6,7502","12,3914"
"40,5500","6,7586","12,3974"
"40,6000","6,7670","12,4005"
"40,6500","6,7754","12,3991"
"40,7000","6,7839","12,4020"
"40,7500","6,7922","12,4012"
"40,8000","6,8005","12,3996"
"40,8500","6,8088","12,4045"
"40,9000","6,8171","12,4036"
"40,9500","6,8254","12,4022"
"41,0000","6,8338","12,4067"
"41,0500","6,8421","12,4085"
"41,1000","6,8503","12,4083"
"41,1500","6,8586","12,4100"
"41,2000","6,8670","12,4102"
"41,2500","6,8753","12,4105"
"41,3000","6,8838","12,4152"
"41,3500","6,8922","12,4168"
"41,4000","6,9005","12,4159"
"41,4500","6,9087","12,4164"
"41,5000","6,9170","12,4149"
"41,5500","6,9252","12,4171"
"41,6000","6,9337","12,4229"
"41,6500","6,9420","12,4209"
"41,7000","6,9504","12,4214"
"41,7500","6,9587","12,4236"
"41,8000","6,9670","12,4218"
"41,8500","6,9753","12,4256"
"41,9000","6,9837","12,4288"
"41,9500","6,9920","12,4247"
"42,0000","7,0003","12,4278"
"42,0500","7,0086","12,4309"
"42,1000","7,0168","12,4290"
"42,1500","7,0251","12,4329"
"42,2000","7,0335","12,4331"
"42,2500","7,0418","12,4315"
"42,3000","7,0503","12,4361"
"42,3500","7,0587","12,4383"
"42,4000","7,0671","12,4377"
"42,4500","7,0754","12,4392"
"42,5000","7,0837","12,4372"
"42,5500","7,0920","12,4372"
"42,6000","7,1004","12,4431"
"42,6500","7,1087","12,4423"
"42,7000","7,1171","12,4434"
"42,7500","7,1254","12,4440"
"42,8000","7,1337","12,4422"
"42,8500","7,1420","12,4464"
"42,9000","7,1504","12,4493"
"42,9500","7,1588","12,4476"
"43,0000","7,1672","12,4497"
"43,0500","7,1755","12,4497"
"43,1000","7,1837","12,4491"
"43,1500","7,1920","12,4527"
"43,2000","7,2003","12,4524"
"43,2500","7,2086","12,4518"
"43,3000","7,2171","12,4554"
"43,3500","7,2254","12,4570"
"43,4000","7,2337","12,4565"
"43,4500","7,2421","12,4581"
"43,5000","7,2504","12,4577"
"43,5500","7,2588","12,4580"
"43,6000","7,2672","12,4606"
"43,6500","7,2755","12,4616"
"43,7000","7,2838","12,4631"
"43,7500","7,2920","12,4624"
"43,8000","7,3004","12,4607"
"43,8500","7,3087","12,4644"
"43,9000","7,3171","12,4672"
"43,9500","7,3255","12,4675"
"44,0000","7,3338","12,4692"
"44,0500","7,3421","12,4678"
"44,1000","7,3503","12,4657"
"44,1500","7,3587","12,4700"
"44,2000","7,3670","12,4722"
"44,2500","7,3753","12,4725"
"44,3000","7,3838","12,4739"
"44,3500","7,3920","12,4737"
"44,4000","7,4003","12,4727"
"44,4500","7,4086","12,4762"
"44,5000","7,4170","12,4776"
"44,5500","7,4254","12,4763"
"44,6000","7,4338","12,4775"
"44,6500","7,4422","12,4775"
"44,7000","7,4504","12,4784"
"44,7500","7,4587","12,4790"
"44,8000","7,4669","12,4793"
"44,8500","7,4752","12,4809"
"44,9000","7,4837","12,4834"
"44,9500","7,4921","12,4837"
"45,0000","7,5004","12,4870"
"45,0500","7,5087","12,4871"
"45,1000","7,5170","12,4851"
"45,1500","7,5253","12,4870"
"45,2000","7,5337","12,4888"
"45,2500","7,5420","12,4892"
"45,3000","7,5504","12,4921"
"45,3500","7,5586","12,4920"
"45,4000","7,5669","12,4882"
"45,4500","7,5753","12,4925"
"45,5000","7,5836","12,4943"
"45,5500","7,5919","12,4934"
"45,6000","7,6004","12,4968"
"45,6500","7,6088","12,4955"
"45,7000","7,6170","12,4930"
"45,7500","7,6254","12,4978"
"45,8000","7,6336","12,4971"
"45,8500","7,6419","12,4977"
"45,9000","7,6503","12,5006"
"45,9500","7,6587","12,4986"
"46,0000","7,6670","12,5016"
"46,0500","7,6753","12,5034"
"46,1000","7,6836","12,5014"
"46,1500","7,6919","12,5015"
"46,2000","7,7002","12,5037"
"46,2500","7,7087","12,5048"
"46,3000","7,7171","12,5090"
"46,3500","7,7255","12,5080"
"46,4000","7,7337","12,5040"
"46,4500","7,7421","12,5066"
"46,5000","7,7505","12,5080"
"46,5500","7,7588","12,5093"
"46,6000","7,7673","12,5126"
"46,6500","7,7756","12,5113"
"46,7000","7,7838","12,5085"
"46,7500","7,7922","12,5113"
"46,8000","7,8004","12,5115"
"46,8500","7,8087","12,5137"
"46,9000","7,8171","12,5163"
"46,9500","7,8254","12,5142"
"47,0000","7,8337","12,5155"
"47,0500","7,8420","12,5178"
"47,1000","7,8503","12,5170"
"47,1500","7,8586","12,5191"
"47,2000","7,8670","12,5201"
"47,2500","7,8754","12,5174"
"47,3000","7,8837","12,5209"
"47,3500","7,8920","12,5218"
"47,4000","7,9002","12,5199"
"47,4500","7,9086","12,5219"
"47,5000","7,9170","12,5235"
"47,5500","7,9253","12,5210"
"47,6000","7,9337","12,5256"
"47,6500","7,9420","12,5281"
"47,7000","7,9503","12,5231"
"47,7500","7,9587","12,5249"
"47,8000","7,9671","12,5270"
"47,8500","7,9754","12,5266"
"47,9000","7,9838","12,5301"
"47,9500","7,9921","12,5287"
"48,0000","8,0003","12,5262"
"48,0500","8,0086","12,5289"
"48,1000","8,0169","12,5293"
"48,1500","8,0252","12,5327"
"48,2000","8,0337","12,5344"
"48,2500","8,0420","12,5314"
"48,3000","8,0504","12,5324"
"48,3500","8,0588","12,5341"
"48,4000","8,0670","12,5326"
"48,4500","8,0753","12,5354"
"48,5000","8,0838","12,5347"
"48,5500","8,0920","12,5332"
"48,6000","8,1004","12,5375"
"48,6500","8,1088","12,5390"
"48,7000","8,1170","12,5379"
"48,7500","8,1253","12,5396"
"48,8000","8,1336","12,5392"
"48,8500","8,1420","12,5391"
"48,9000","8,1504","12,5432"
"48,9500","8,1588","12,5435"
"49,0000","8,1669","12,5407"
"49,0500","8,1753","12,5415"
"49,1000","8,1836","12,5421"
"49,1500","8,1919","12,5436"
"49,2000","8,2004","12,5475"
"49,2500","8,2087","12,5460"
"49,3000","8,2170","12,5447"
"49,3500","8,2253","12,5457"
"49,4000","8,2337","12,5448"
"49,4500","8,2420","12,5475"
"49,5000","8,2503","12,5499"
"49,5500","8,2587","12,5475"
"49,6000","8,2670","12,5493"
"49,6500","8,2753","12,5496"
"49,7000","8,2836","12,5492"
"49,7500","8,2920","12,5532"
"49,8000","8,3003","12,5521"
"49,8500","8,3088","12,5510"
"49,9000","8,3173","12,5544"
"49,9500","8,3255","12,5542"
"50,0000","8,3337","12,5517"
"50,0500","8,3420","12,5539"
"50,1000","8,3503","12,5527"
"50,1500","8,3586","12,5527"
"50,2000","8,3671","12,5570"
"50,2500","8,3754","12,5579"
"50,3000","8,3837","12,5575"
"50,3500","8,3920","12,5576"
"50,4000","8,4004","12,5553"
"50,4500","8,4087","12,5580"
"50,5000","8,4172","12,5619"
"50,5500","8,4255","12,5597"
"50,6000","8,4338","12,5599"
"50,6500","8,4420","12,5591"
"50,7000","8,4503","12,5578"
"50,7500","8,4587","12,5621"
"50,8000","8,4670","12,5642"
"50,8500","8,4753","12,5620"
"50,9000","8,4838","12,5639"
"50,9500","8,4921","12,5636"
"51,0000","8,5003","12,5620"
"51,0500","8,5086","12,5661"
"51,1000","8,5170","12,5660"
"51,1500","8,5253","12,5635"
"51,2000","8,5337","12,5665"
"51,2500","8,5419","12,5672"
"51,3000","8,5503","12,5655"
"51,3500","8,5586","12,5686"
"51,4000","8,5669","12,5676"
"51,4500","8,5754","12,5665"
"51,5000","8,5838","12,5693"
"51,5500","8,5922","12,5703"
"51,6000","8,6005","12,5704"
"51,6500","8,6088","12,5696"
"51,7000","8,6170","12,5662"
"51,7500","8,6254","12,5691"
"51,8000","8,6337","12,5726"
"51,8500","8,6420","12,5706"
"51,9000","8,6504","12,5735"
"51,9500","8,6587","12,5734"
"52,0000","8,6671","12,5700"
"52,0500","8,6755","12,5745"
"52,1000","8,6838","12,5756"
"52,1500","8,6921","12,5743"
"52,2000","8,7005","12,5763"
"52,2500","8,7087","12,5739"
"52,3000","8,7169","12,5742"
"52,3500","8,7253","12,5781"
"52,4000","8,7336","12,5783"
"52,4500","8,7419","12,5776"
"52,5000","8,7504","12,5788"
"52,5500","8,7587","12,5788"
"52,6000","8,7670","12,5807"
"52,6500","8,7754","12,5817"
"52,7000","8,7837","12,5790"
"52,7500","8,7919","12,5784"
"52,8000","8,8003","12,5806"
"52,8500","8,8087","12,5814"
"52,9000","8,8170","12,5830"
"52,9500","8,8252","12,5836"
"53,0000","8,8335","12,5806"
"53,0500","8,8420","12,5815"
"53,1000","8,8503","12,5839"
"53,1500","8,8587","12,5832"
"53,2000","8,8671","12,5871"
"53,2500","8,8753","12,5838"
"53,3000","8,8835","12,5812"
"53,3500","8,8920","12,5845"
"53,4000","8,9003","12,5850"
"53,4500","8,9086","12,5873"
"53,5000","8,9171","12,5896"
"53,5500","8,9255","12,5864"
"53,6000","8,9337","12,5857"
"53,6500","8,9421","12,5875"
"53,7000","8,9504","12,5883"
"53,7500","8,9587","12,5902"
"53,8000","8,9671","12,5900"
"53,8500","8,9755","12,5887"
"53,9000","8,9837","12,5896"
"53,9500","8,9920","12,5897"
"54,0000","9,0003","12,5901"
"54,0500","9,0086","12,5916"
"54,1000","9,0170","12,5915"
"54,1500","9,0254","12,5915"
"54,2000","9,0338","12,5956"
"54,2500","9,0421","12,5943"
"54,3000","9,0503","12,5913"
"54,3500","9,0587","12,5936"
"54,4000","9,0670","12,5919"
"54,4500","9,0753","12,5926"
"54,5000","9,0838","12,5978"
"54,5500","9,0921","12,5955"
"54,6000","9,1003","12,5934"
"54,6500","9,1087","12,5939"
"54,7000","9,1170","12,5935"
"54,7500","9,1254","12,5962"
"54,8000","9,1337","12,5981"
"54,8500","9,1421","12,5960"
"54,9000","9,1504","12,5959"
"54,9500","9,1586","12,5961"
"55,0000","9,1669","12,5965"
"55,0500","9,1753","12,5993"
"55,1000","9,1837","12,5998"
"55,1500","9,1920","12,5960"
"55,2000","9,2004","12,5987"
"55,2500","9,2087","12,6008"
"55,3000","9,2170","12,5979"
"55,3500","9,2253","12,6012"
"55,4000","9,2337","12,6005"
"55,4500","9,2420","12,5967"
"55,5000","9,2505","12,6021"
"55,5500","9,2588","12,6035"
"55,6000","9,2670","12,6001"
"55,6500","9,2755","12,6023"
"55,7000","9,2838","12,6021"
"55,7500","9,2921","12,6005"
"55,8000","9,3006","12,6061"
"55,8500","9,3089","12,6045"
"55,9000","9,3171","12,6010"
"55,9500","9,3254","12,6033"
"56,0000","9,3337","12,6020"
"56,0500","9,3420","12,6049"
"56,1000","9,3504","12,6067"
"56,1500","9,3587","12,6041"
"56,2000","9,3670","12,6051"
"56,2500","9,3753","12,6059"
"56,3000","9,3837","12,6040"
"56,3500","9,3920","12,6074"
"56,4000","9,4003","12,6072"
"56,4500","9,4087","12,6048"
"56,5000","9,4170","12,6075"
"56,5500","9,4252","12,6072"
"56,6000","9,4335","12,6051"
"56,6500","9,4419","12,6091"
"56,7000","9,4502","12,6075"
"56,7500","9,4586","12,6064"
"56,8000","9,4671","12,6115"
"56,8500","9,4754","12,6109"
"56,9000","9,4836","12,6080"
"56,9500","9,4920","12,6096"
"57,0000","9,5003","12,6086"
"57,0500","9,5086","12,6110"
"57,1000","9,5171","12,6134"
"57,1500","9,5254","12,6124"
"57,2000","9,5337","12,6099"
"57,2500","9,5420","12,6107"
"57,3000","9,5504","12,6106"
"57,3500","9,5587","12,6137"
"57,4000","9,5671","12,6148"
"57,4500","9,5755","12,6115"
"57,5000","9,5838","12,6118"
"57,5500","9,5920","12,6109"
"57,6000","9,6003","12,6115"
"57,6500","9,6087","12,6162"
"57,7000","9,6170","12,6138"
"57,7500","9,6254","12,6125"
"57,8000","9,6338","12,6160"
"57,8500","9,6421","12,6154"
"57,9000","9,6504","12,6148"
"57,9500","9,6588","12,6152"
"58,0000","9,6671","12,6128"
"58,0500","9,6754","12,6151"
"58,1000","9,6837","12,6172"
"58,1500","9,6921","12,6158"
"58,2000","9,7003","12,6161"
"58,2500","9,7086","12,6153"
"58,3000","9,7170","12,6141"
"58,3500","9,7254","12,6183"
"58,4000","9,7338","12,6208"
"58,4500","9,7422","12,6172"
"58,5000","9,7505","12,6169"
"58,5500","9,7588","12,6161"
"58,6000","9,7670","12,6154"
"58,6500","9,7753","12,6191"
"58,7000","9,7837","12,6186"
"58,7500","9,7920","12,6170"
"58,8000","9,8003","12,6200"
"58,8500","9,8086","12,6195"
"58,9000","9,8170","12,6170"
"58,9500","9,8253","12,6204"
"59,0000","9,8336","12,6190"
"59,0500","9,8421","12,6173"
"59,1000","9,8504","12,6215"
"59,1500","9,8587","12,6205"
"59,2000","9,8669","12,6208"
"59,2500","9,8753","12,6208"
"59,3000","9,8836","12,6185"
"59,3500","9,8919","12,6207"
"59,4000","9,9003","12,6253"
"59,4500","9,9088","12,6224"
"59,5000","9,9171","12,6216"
"59,5500","9,9254","12,6227"
"59,6000","9,9337","12,6201"
"59,6500","9,9421","12,6230"
"59,7000","9,9504","12,6241"
"59,7500","9,9588","12,6205"
"59,8000","9,9671","12,6222"
"59,8500","9,9753","12,6215"
"59,9000","9,9836","12,6210"
"59,9500","9,9920","12,6252"
"60,0000","10,0003","12,6227"
"60,0500","10,0086","12,6206"
"60,1000","10,0171","12,6248"
"60,1500","10,0254","12,6233"
"60,2000","10,0335","12,6223"
"60,2500","10,0419","12,6241"
"60,3000","10,0502","12,6220"
"60,3500","10,0585","12,6237"
"60,4000","10,0670","12,6276"
"60,4500","10,0754","12,6259"
"60,5000","10,0836","12,6248"
"60,5500","10,0920","12,6242"
"60,6000","10,1004","12,6230"
"60,6500","10,1088","12,6263"
"60,7000","10,1171","12,6272"
"60,7500","10,1255","12,6252"
"60,8000","10,1338","12,6260"
"60,8500","10,1420","12,6245"
"60,9000","10,1503","12,6247"
"60,9500","10,1587","12,6294"
"61,0000","10,1671","12,6282"
"61,0500","10,1755","12,6266"
"61,1000","10,1839","12,6288"
"61,1500","10,1921","12,6269"
"61,2000","10,2003","12,6270"
"61,2500","10,2088","12,6289"
"61,3000","10,2170","12,6252"
"61,3500","10,2254","12,6275"
"61,4000","10,2337","12,6295"
"61,4500","10,2421","12,6280"
"61,5000","10,2503","12,6288"
"61,5500","10,2587","12,6272"
"61,6000","10,2670","12,6262"
"61,6500","10,2754","12,6292"
"61,7000","10,2838","12,6306"
"61,7500","10,2922","12,6288"
"61,8000","10,3005","12,6284"
"61,8500","10,3087","12,6274"
"61,9000","10,3170","12,6258"
"61,9500","10,3253","12,6300"
"62,0000","10,3337","12,6302"
"62,0500","10,3420","12,6290"
"62,1000","10,3505","12,6310"
"62,1500","10,3587","12,6297"
"62,2000","10,3670","12,6293"
"62,2500","10,3754","12,6325"
"62,3000","10,3838","12,6291"
"62,3500","10,3921","12,6288"
"62,4000","10,4004","12,6317"
"62,4500","10,4087","12,6301"
"62,5000","10,4170","12,6304"
"62,5500","10,4253","12,6306"
"62,6000","10,4336","12,6287"
"62,6500","10,4420","12,6307"
"62,7000","10,4504","12,6328"
"62,7500","10,4587","12,6312"
"62,8000","10,4670","12,6314"
"62,8500","10,4754","12,6308"
"62,9000","10,4837","12,6297"
"62,9500","10,4920","12,6322"
"63,0000","10,5003","12,6337"
"63,0500","10,5087","12,6311"
"63,1000","10,5171","12,6323"
"63,1500","10,5252","12,6315"
"63,2000","10,5335","12,6300"
"63,2500","10,5420","12,6333"
"63,3000","10,5503","12,6332"
"63,3500","10,5588","12,6307"
"63,4000","10,5672","12,6343"
"63,4500","10,5754","12,6319"
"63,5000","10,5836","12,6309"
"63,5500","10,5919","12,6338"
"63,6000","10,6003","12,6302"
"63,6500","10,6087","12,6319"
"63,7000","10,6171","12,6356"
"63,7500","10,6254","12,6326"
"63,8000","10,6337","12,6318"
"63,8500","10,6419","12,6318"
"63,9000","10,6502","12,6303"
"63,9500","10,6586","12,6336"
"64,0000","10,6669","12,6363"
"64,0500","10,6754","12,6338"
"64,1000","10,6837","12,6341"
"64,1500","10,6919","12,6322"
"64,2000","10,7003","12,6331"
"64,2500","10,7087","12,6359"
"64,3000","10,7170","12,6350"
"64,3500","10,7255","12,6335"
"64,4000","10,7339","12,6352"
"64,4500","10,7421","12,6336"
"64,5000","10,7504","12,6334"
"64,5500","10,7587","12,6362"
"64,6000","10,7670","12,6333"
"64,6500","10,7754","12,6322"
"64,7000","10,7838","12,6360"
"64,7500","10,7921","12,6349"
"64,8000","10,8004","12,6353"
"64,8500","10,8087","12,6355"
"64,9000","10,8171","12,6328"
"64,9500","10,8255","12,6348"
"65,0000","10,8338","12,6357"
"65,0500","10,8421","12,6351"
"65,1000","10,8504","12,6343"
"65,1500","10,8586","12,6330"
"65,2000","10,8669","12,6336"
"65,2500","10,8752","12,6367"
"65,3000","10,8837","12,6371"
"65,3500","10,8920","12,6353"
"65,4000","10,9004","12,6356"
"65,4500","10,9087","12,6335"
"65,5000","10,9171","12,6345"
"65,5500","10,9253","12,6368"
"65,6000","10,9336","12,6341"
"65,6500","10,9421","12,6330"
"65,7000","10,9504","12,6360"
"65,7500","10,9587","12,6333"
"65,8000","10,9670","12,6349"
"65,8500","10,9754","12,6365"
"65,9000","10,9836","12,6333"
"65,9500","10,9920","12,6340"
"66,0000","11,0005","12,6378"
"66,0500","11,0088","12,6364"
"66,1000","11,0171","12,6357"
"66,1500","11,0253","12,6339"
"66,2000","11,0337","12,6338"
"66,2500","11,0420","12,6361"
"66,3000","11,0504","12,6374"
"66,3500","11,0588","12,6369"
"66,4000","11,0670","12,6351"
"66,4500","11,0753","12,6336"
"66,5000","11,0837","12,6344"
"66,5500","11,0920","12,6364"
"66,6000","11,1003","12,6351"
"66,6500","11,1087","12,6346"
"66,7000","11,1171","12,6362"
"66,7500","11,1253","12,6347"
"66,8000","11,1335","12,6363"
"66,8500","11,1420","12,6374"
"66,9000","11,1503","12,6338"
"66,9500","11,1586","12,6357"
"67,0000","11,1671","12,6393"
"67,0500","11,1754","12,6358"
"67,1000","11,1837","12,6342"
"67,1500","11,1919","12,6344"
"67,2000","11,2002","12,6330"
"67,2500","11,2086","12,6360"
"67,3000","11,2170","12,6378"
"67,3500","11,2254","12,6358"
"67,4000","11,2337","12,6357"
"67,4500","11,2419","12,6355"
"67,5000","11,2502","12,6346"
"67,5500","11,2587","12,6377"
"67,6000","11,2670","12,6365"
"67,6500","11,2755","12,6342"
"67,7000","11,2838","12,6369"
"67,7500","11,2920","12,6349"
"67,8000","11,3002","12,6352"
"67,8500","11,3086","12,6361"
"67,9000","11,3170","12,6334"
"67,9500","11,3253","12,6349"
"68,0000","11,3338","12,6382"
"68,0500","11,3421","12,6361"
"68,1000","11,3504","12,6349"
"68,1500","11,3588","12,6358"
"68,2000","11,3671","12,6342"
"68,2500","11,3754","12,6363"
"68,3000","11,3837","12,6369"
"68,3500","11,3921","12,6346"
"68,4000","11,4003","12,6349"
"68,4500","11,4086","12,6349"
"68,5000","11,4169","12,6354"
"68,5500","11,4254","12,6383"
"68,6000","11,4337","12,6360"
"68,6500","11,4422","12,6337"
"68,7000","11,4505","12,6358"
"68,7500","11,4588","12,6350"
"68,8000","11,4670","12,6347"
"68,8500","11,4753","12,6353"
"68,9000","11,4836","12,6330"
"68,9500","11,4920","12,6336"
"69,0000","11,5004","12,6372"
"69,0500","11,5086","12,6361"
"69,1000","11,5169","12,6340"
"69,1500","11,5253","12,6350"
"69,2000","11,5336","12,6336"
"69,2500","11,5420","12,6352"
"69,3000","11,5504","12,6369"
"69,3500","11,5586","12,6344"
"69,4000","11,5669","12,6340"
"69,4500","11,5753","12,6341"
"69,5000","11,5836","12,6330"
"69,5500","11,5920","12,6366"
"69,6000","11,6005","12,6374"
"69,6500","11,6088","12,6342"
"69,7000","11,6172","12,6341"
"69,7500","11,6255","12,6336"
"69,8000","11,6338","12,6330"
"69,8500","11,6422","12,6357"
"69,9000","11,6505","12,6340"
"69,9500","11,6588","12,6327"
"70,0000","11,6672","12,6344"
"70,0500","11,6754","12,6329"
"70,1000","11,6836","12,6336"
"70,1500","11,6921","12,6353"
"70,2000","11,7004","12,6319"
"70,2500","11,7088","12,6332"
"70,3000","11,7172","12,6365"
"70,3500","11,7253","12,6332"
"70,4000","11,7335","12,6329"
"70,4500","11,7419","12,6334"
"70,5000","11,7502","12,6312"
"70,5500","11,7586","12,6339"
"70,6000","11,7670","12,6366"
"70,6500","11,7754","12,6336"
"70,7000","11,7837","12,6320"
"70,7500","11,7920","12,6313"
"70,8000","11,8003","12,6310"
"70,8500","11,8087","12,6344"
"70,9000","11,8170","12,6333"
"70,9500","11,8253","12,6304"
"71,0000","11,8337","12,6319"
"71,0500","11,8419","12,6308"
"71,1000","11,8502","12,6325"
"71,1500","11,8586","12,6352"
"71,2000","11,8670","12,6326"
"71,2500","11,8753","12,6324"
"71,3000","11,8838","12,6353"
"71,3500","11,8921","12,6327"
"71,4000","11,9004","12,6340"
"71,4500","11,9088","12,6333"
"71,5000","11,9171","12,6298"
"71,5500","11,9254","12,6318"
"71,6000","11,9337","12,6344"
"71,6500","11,9421","12,6312"
"71,7000","11,9503","12,6306"
"71,7500","11,9587","12,6303"
"71,8000","11,9670","12,6295"
"71,8500","11,9754","12,6318"
"71,9000","11,9837","12,6326"
"71,9500","11,9921","12,6307"
"72,0000","12,0004","12,6304"
"72,0500","12,0086","12,6286"
"72,1000","12,0169","12,6290"
"72,1500","12,0253","12,6328"
"72,2000","12,0337","12,6313"
"72,2500","12,0421","12,6303"
"72,3000","12,0505","12,6313"
"72,3500","12,0588","12,6291"
"72,4000","12,0671","12,6304"
"72,4500","12,0754","12,6324"
"72,5000","12,0838","12,6283"
"72,5500","12,0921","12,6292"
"72,6000","12,1005","12,6320"
"72,6500","12,1087","12,6294"
"72,7000","12,1171","12,6305"
"72,7500","12,1254","12,6308"
"72,8000","12,1337","12,6263"
"72,8500","12,1421","12,6294"
"72,9000","12,1505","12,6318"
"72,9500","12,1588","12,6285"
"73,0000","12,1671","12,6291"
"73,0500","12,1754","12,6272"
"73,1000","12,1835","12,6247"
"73,1500","12,1919","12,6285"
"73,2000","12,2003","12,6303"
"73,2500","12,2087","12,6285"
"73,3000","12,2170","12,6285"
"73,3500","12,2253","12,6261"
"73,4000","12,2337","12,6264"
"73,4500","12,2421","12,6297"
"73,5000","12,2504","12,6271"
"73,5500","12,2588","12,6266"
"73,6000","12,2672","12,6275"
"73,6500","12,2754","12,6251"
"73,7000","12,2837","12,6263"
"73,7500","12,2920","12,6282"
"73,8000","12,3004","12,6252"
"73,8500","12,3087","12,6262"
"73,9000","12,3171","12,6278"
"73,9500","12,3254","12,6266"
"74,0000","12,3337","12,6267"
"74,0500","12,3420","12,6257"
"74,1000","12,3503","12,6256"
"74,1500","12,3587","12,6263"
"74,2000","12,3670","12,6266"
"74,2500","12,3753","12,6263"
"74,3000","12,3837","12,6259"
"74,3500","12,3919","12,6240"
"74,4000","12,4002","12,6234"
"74,4500","12,4086","12,6266"
"74,5000","12,4169","12,6266"
"74,5500","12,4252","12,6236"
"74,6000","12,4336","12,6246"
"74,6500","12,4420","12,6225"
"74,7000","12,4503","12,6234"
"74,7500","12,4586","12,6254"
"74,8000","12,4669","12,6236"
"74,8500","12,4754","12,6238"
"74,9000","12,4838","12,6241"
"74,9500","12,4921","12,6229"
"75,0000","12,5004","12,6248"
"75,0500","12,5089","12,6243"
"75,1000","12,5172","12,6218"
"75,1500","12,5255","12,6232"
"75,2000","12,5339","12,6232"
"75,2500","12,5421","12,6243"
"75,3000","12,5504","12,6241"
"75,3500","12,5587","12,6216"
"75,4000","12,5670","12,6217"
"75,4500","12,5755","12,6232"
"75,5000","12,5838","12,6232"
"75,5500","12,5922","12,6236"
"75,6000","12,6005","12,6223"
"75,6500","12,6088","12,6183"
"75,7000","12,6170","12,6197"
"75,7500","12,6253","12,6224"
"75,8000","12,6336","12,6202"
"75,8500","12,6420","12,6213"
"75,9000","12,6504","12,6218"
"75,9500","12,6586","12,6176"
"76,0000","12,6669","12,6193"
"76,0500","12,6753","12,6223"
"76,1000","12,6836","12,6190"
"76,1500","12,6921","12,6200"
"76,2000","12,7005","12,6191"
"76,2500","12,7087","12,6181"
"76,3000","12,7170","12,6208"
"76,3500","12,7252","12,6185"
"76,4000","12,7335","12,6159"
"76,4500","12,7420","12,6195"
"76,5000","12,7503","12,6201"
"76,5500","12,7588","12,6210"
"76,6000","12,7671","12,6203"
"76,6500","12,7753","12,6151"
"76,7000","12,7838","12,6152"
"76,7500","12,7921","12,6175"
"76,8000","12,8003","12,6170"
"76,8500","12,8088","12,6174"
"76,9000","12,8171","12,6167"
"76,9500","12,8253","12,6143"
"77,0000","12,8336","12,6142"
"77,0500","12,8419","12,6182"
"77,1000","12,8503","12,6148"
"77,1500","12,8587","12,6143"
"77,2000","12,8672","12,6179"
"77,2500","12,8754","12,6145"
"77,3000","12,8837","12,6151"
"77,3500","12,8920","12,6152"
"77,4000","12,9003","12,6117"
"77,4500","12,9087","12,6142"
"77,5000","12,9170","12,6161"
"77,5500","12,9254","12,6150"
"77,6000","12,9338","12,6135"
"77,6500","12,9420","12,6106"
"77,7000","12,9503","12,6121"
"77,7500","12,9588","12,6157"
"77,8000","12,9671","12,6142"
"77,8500","12,9755","12,6118"
"77,9000","12,9838","12,6123"
"77,9500","12,9920","12,6098"
"78,0000","13,0003","12,6124"
"78,0500","13,0086","12,6144"
"78,1000","13,0170","12,6101"
"78,1500","13,0253","12,6100"
"78,2000","13,0337","12,6139"
"78,2500","13,0419","12,6112"
"78,3000","13,0503","12,6110"
"78,3500","13,0586","12,6114"
"78,4000","13,0669","12,6085"
"78,4500","13,0752","12,6102"
"78,5000","13,0837","12,6124"
"78,5500","13,0920","12,6102"
"78,6000","13,1003","12,6093"
"78,6500","13,1086","12,6082"
"78,7000","13,1170","12,6082"
"78,7500","13,1254","12,6115"
"78,8000","13,1338","12,6096"
"78,8500","13,1421","12,6089"
"78,9000","13,1505","12,6085"
"78,9500","13,1587","12,6067"
"79,0000","13,1670","12,6080"
"79,0500","13,1753","12,6085"
"79,1000","13,1837","12,6053"
"79,1500","13,1921","12,6073"
"79,2000","13,2004","12,6097"
"79,2500","13,2087","12,6062"
"79,3000","13,2170","12,6065"
"79,3500","13,2254","12,6067"
"79,4000","13,2337","12,6047"
"79,4500","13,2421","12,6078"
"79,5000","13,2505","12,6073"
"79,5500","13,2587","12,6039"
"79,6000","13,2669","12,6039"
"79,6500","13,2752","12,6043"
"79,7000","13,2836","12,6042"
"79,7500","13,2920","12,6068"
"79,8000","13,3004","12,6059"
"79,8500","13,3088","12,6029"
"79,9000","13,3172","12,6048"
"79,9500","13,3255","12,6030"
"80,0000","13,3338","12,6027"
"80,0500","13,3421","12,6038"
"80,1000","13,3504","12,6003"
"80,1500","13,3588","12,6029"
"80,2000","13,3671","12,6042"
"80,2500","13,3753","12,6008"
"80,3000","13,3836","12,6009"
"80,3500","13,3920","12,6029"
"80,4000","13,4004","12,6009"
"80,4500","13,4088","12,6021"
"80,5000","13,4172","12,6046"
"80,5500","13,4254","12,5983"
"80,6000","13,4337","12,5982"
"80,6500","13,4420","12,5998"
"80,7000","13,4503","12,5977"
"80,7500","13,4587","12,6011"
"80,8000","13,4672","12,6008"
"80,8500","13,4755","12,5958"
"80,9000","13,4837","12,5978"
"80,9500","13,4920","12,5981"
"81,0000","13,5003","12,5968"
"81,0500","13,5087","12,5994"
"81,1000","13,5170","12,5972"
"81,1500","13,5253","12,5962"
"81,2000","13,5337","12,5989"
"81,2500","13,5420","12,5962"
"81,3000","13,5503","12,5943"
"81,3500","13,5586","12,5966"
"81,4000","13,5670","12,5943"
"81,4500","13,5754","12,5964"
"81,5000","13,5837","12,5980"
"81,5500","13,5920","12,5931"
"81,6000","13,6003","12,5925"
"81,6500","13,6086","12,5934"
"81,7000","13,6169","12,5925"
"81,7500","13,6252","12,5952"
"81,8000","13,6337","12,5951"
"81,8500","13,6420","12,5913"
"81,9000","13,6503","12,5935"
"81,9500","13,6586","12,5930"
"82,0000","13,6670","12,5925"
"82,0500","13,6754","12,5929"
"82,1000","13,6838","12,5899"
"82,1500","13,6921","12,5912"
"82,2000","13,7004","12,5924"
"82,2500","13,7086","12,5895"
"82,3000","13,7169","12,5895"
"82,3500","13,7253","12,5911"
"82,4000","13,7337","12,5896"
"82,4500","13,7421","12,5910"
"82,5000","13,7504","12,5925"
"82,5500","13,7588","12,5874"
"82,6000","13,7671","12,5867"
"82,6500","13,7754","12,5889"
"82,7000","13,7837","12,5872"
"82,7500","13,7921","12,5891"
"82,8000","13,8004","12,5880"
"82,8500","13,8087","12,5845"
"82,9000","13,8171","12,5869"
"82,9500","13,8254","12,5870"
"83,0000","13,8336","12,5860"
"83,0500","13,8420","12,5871"
"83,1000","13,8505","12,5852"
"83,1500","13,8588","12,5864"
"83,2000","13,8671","12,5865"
"83,2500","13,8753","12,5842"
"83,3000","13,8837","12,5842"
"83,3500","13,8920","12,5839"
"83,4000","13,9003","12,5831"
"83,4500","13,9088","12,5840"
"83,5000","13,9171","12,5847"
"83,5500","13,9253","12,5803"
"83,6000","13,9336","12,5814"
"83,6500","13,9420","12,5824"
"83,7000","13,9504","12,5809"
"83,7500","13,9588","12,5830"
"83,8000","13,9671","12,5823"
"83,8500","13,9754","12,5775"
"83,9000","13,9836","12,5791"
"83,9500","13,9920","12,5804"
"84,0000","14,0004","12,5799"
"84,0500","14,0088","12,5812"
"84,1000","14,0172","12,5785"
"84,1500","14,0254","12,5764"
"84,2000","14,0337","12,5784"
"84,2500","14,0420","12,5783"
"84,3000","14,0503","12,5763"
"84,3500","14,0587","12,5768"
"84,4000","14,0670","12,5756"
"84,4500","14,0753","12,5762"
"84,5000","14,0837","12,5784"
"84,5500","14,0920","12,5745"
"84,6000","14,1003","12,5741"
"84,6500","14,1087","12,5766"
"84,7000","14,1171","12,5747"
"84,7500","14,1255","12,5759"
"84,8000","14,1338","12,5770"
"84,8500","14,1420","12,5700"
"84,9000","14,1503","12,5705"
"84,9500","14,1586","12,5742"
"85,0000","14,1669","12,5712"
"85,0500","14,1753","12,5735"
"85,1000","14,1836","12,5732"
"85,1500","14,1919","12,5690"
"85,2000","14,2002","12,5713"
"85,2500","14,2086","12,5711"
"85,3000","14,2169","12,5697"
"85,3500","14,2252","12,5717"
"85,4000","14,2336","12,5692"
"85,4500","14,2419","12,5696"
"85,5000","14,2502","12,5716"
"85,5500","14,2585","12,5693"
"85,6000","14,2670","12,5682"
"85,6500","14,2753","12,5693"
"85,7000","14,2838","12,5670"
"85,7500","14,2922","12,5694"
"85,8000","14,3005","12,5692"
"85,8500","14,3088","12,5639"
"85,9000","14,3170","12,5637"
"85,9500","14,3253","12,5646"
"86,0000","14,3337","12,5642"
"86,0500","14,3422","12,5678"
"86,1000","14,3505","12,5667"
"86,1500","14,3588","12,5611"
"86,2000","14,3671","12,5617"
"86,2500","14,3754","12,5621"
"86,3000","14,3837","12,5633"
"86,3500","14,3921","12,5640"
"86,4000","14,4005","12,5612"
"86,4500","14,4087","12,5599"
"86,5000","14,4170","12,5610"
"86,5500","14,4253","12,5591"
"86,6000","14,4336","12,5598"
"86,6500","14,4420","12,5603"
"86,7000","14,4504","12,5576"
"86,7500","14,4588","12,5610"
"86,8000","14,4671","12,5612"
"86,8500","14,4755","12,5569"
"86,9000","14,4838","12,5575"
"86,9500","14,4921","12,5561"
"87,0000","14,5004","12,5549"
"87,0500","14,5088","12,5583"
"87,1000","14,5171","12,5580"
"87,1500","14,5253","12,5532"
"87,2000","14,5337","12,5532"
"87,2500","14,5421","12,5540"
"87,3000","14,5503","12,5540"
"87,3500","14,5587","12,5559"
"87,4000","14,5671","12,5544"
"87,4500","14,5754","12,5503"
"87,5000","14,5836","12,5510"
"87,5500","14,5919","12,5510"
"87,6000","14,6002","12,5507"
"87,6500","14,6086","12,5512"
"87,7000","14,6170","12,5486"
"87,7500","14,6254","12,5491"
"87,8000","14,6337","12,5496"
"87,8500","14,6420","12,5486"
"87,9000","14,6503","12,5493"
"87,9500","14,6588","12,5481"
"88,0000","14,6671","12,5448"
"88,0500","14,6755","12,5473"
"88,1000","14,6838","12,5482"
"88,1500","14,6920","12,5447"
"88,2000","14,7003","12,5448"
"88,2500","14,7086","12,5445"
"88,3000","14,7169","12,5442"
"88,3500","14,7254","12,5466"
"88,4000","14,7337","12,5473"
"88,4500","14,7420","12,5417"
"88,5000","14,7503","12,5425"
"88,5500","14,7586","12,5421"
"88,6000","14,7670","12,5407"
"88,6500","14,7753","12,5433"
"88,7000","14,7837","12,5407"
"88,7500","14,7919","12,5378"
"88,8000","14,8003","12,5399"
"88,8500","14,8085","12,5381"
"88,9000","14,8169","12,5389"
"88,9500","14,8253","12,5405"
"89,0000","14,8337","12,5368"
"89,0500","14,8420","12,5373"
"89,1000","14,8503","12,5378"
"89,1500","14,8586","12,5349"
"89,2000","14,8669","12,5359"
"89,2500","14,8753","12,5358"
"89,3000","14,8836","12,5337"
"89,3500","14,8921","12,5360"
"89,4000","14,9005","12,5362"
"89,4500","14,9087","12,5325"
"89,5000","14,9171","12,5322"
"89,5500","14,9254","12,5311"
"89,6000","14,9338","12,5307"
"89,6500","14,9422","12,5325"
"89,7000","14,9506","12,5320"
"89,7500","14,9588","12,5298"
"89,8000","14,9671","12,5271"
"89,8500","14,9754","12,5257"
"89,9000","14,9837","12,5280"
"89,9500","14,9921","12,5301"
"90,0000","15,0005","12,5272"
"90,0500","15,0088","12,5265"
"90,1000","15,0171","12,5253"
"90,1500","15,0253","12,5228"
"90,2000","15,0335","12,5247"
"90,2500","15,0419","12,5260"
"90,3000","15,0502","12,5222"
"90,3500","15,0586","12,5228"
"90,4000","15,0670","12,5241"
"90,4500","15,0753","12,5215"
"90,5000","15,0836","12,5221"
"90,5500","15,0919","12,5224"
"90,6000","15,1003","12,5171"
"90,6500","15,1088","12,5197"
"90,7000","15,1171","12,5216"
"90,7500","15,1254","12,5174"
"90,8000","15,1337","12,5180"
"90,8500","15,1420","12,5162"
"90,9000","15,1504","12,5143"
"90,9500","15,1587","12,5169"
"91,0000","15,1672","12,5162"
"91,0500","15,1755","12,5159"
"91,1000","15,1838","12,5133"
"91,1500","15,1921","12,5103"
"91,2000","15,2005","12,5127"
"91,2500","15,2088","12,5129"
"91,3000","15,2171","12,5110"
"91,3500","15,2255","12,5109"
"91,4000","15,2338","12,5087"
"91,4500","15,2420","12,5061"
"91,5000","15,2503","12,5089"
"91,5500","15,2586","12,5097"
"91,6000","15,2669","12,5070"
"91,6500","15,2754","12,5065"
"91,7000","15,2838","12,5063"
"91,7500","15,2921","12,5054"
"91,8000","15,3004","12,5065"
"91,8500","15,3086","12,5054"
"91,9000","15,3169","12,5015"
"91,9500","15,3254","12,5029"
"92,0000","15,3337","12,5037"
"92,0500","15,3420","12,5015"
"92,1000","15,3504","12,5024"
"92,1500","15,3587","12,4998"
"92,2000","15,3670","12,4968"
"92,2500","15,3753","12,4988"
"92,3000","15,3837","12,4970"
"92,3500","15,3920","12,4991"
"92,4000","15,4003","12,4978"
"92,4500","15,4086","12,4927"
"92,5000","15,4170","12,4937"
"92,5500","15,4253","12,4957"
"92,6000","15,4337","12,4947"
"92,6500","15,4421","12,4956"
"92,7000","15,4504","12,4928"
"92,7500","15,4586","12,4884"
"92,8000","15,4670","12,4902"
"92,8500","15,4753","12,4900"
"92,9000","15,4836","12,4900"
"92,9500","15,4921","12,4903"
"93,0000","15,5004","12,4878"
"93,0500","15,5086","12,4848"
"93,1000","15,5169","12,4871"
"93,1500","15,5252","12,4869"
"93,2000","15,5336","12,4851"
"93,2500","15,5421","12,4852"
"93,3000","15,5505","12,4834"
"93,3500","15,5588","12,4823"
"93,4000","15,5671","12,4825"
"93,4500","15,5753","12,4794"
"93,5000","15,5837","12,4796"
"93,5500","15,5920","12,4792"
"93,6000","15,6003","12,4770"
"93,6500","15,6088","12,4795"
"93,7000","15,6171","12,4796"
"93,7500","15,6254","12,4737"
"93,8000","15,6338","12,4751"
"93,8500","15,6422","12,4736"
"93,9000","15,6504","12,4724"
"93,9500","15,6589","12,4747"
"94,0000","15,6671","12,4726"
"94,0500","15,6753","12,4684"
"94,1000","15,6836","12,4682"
"94,1500","15,6919","12,4680"
"94,2000","15,7002","12,4681"
"94,2500","15,7087","12,4710"
"94,3000","15,7170","12,4685"
"94,3500","15,7253","12,4642"
"94,4000","15,7337","12,4641"
"94,4500","15,7419","12,4627"
"94,5000","15,7503","12,4629"
"94,5500","15,7587","12,4639"
"94,6000","15,7670","12,4597"
"94,6500","15,7754","12,4591"
"94,7000","15,7837","12,4600"
"94,7500","15,7920","12,4569"
"94,8000","15,8003","12,4582"
"94,8500","15,8088","12,4570"
"94,9000","15,8171","12,4514"
"94,9500","15,8256","12,4545"
"95,0000","15,8339","12,4538"
"95,0500","15,8421","12,4499"
"95,1000","15,8504","12,4510"
"95,1500","15,8587","12,4496"
"95,2000","15,8671","12,4473"
"95,2500","15,8755","12,4506"
"95,3000","15,8838","12,4489"
"95,3500","15,8920","12,4468"
"95,4000","15,9004","12,4452"
"95,4500","15,9087","12,4429"
"95,5000","15,9170","12,4425"
"95,5500","15,9253","12,4439"
"95,6000","15,9337","12,4425"
"95,6500","15,9420","12,4410"
"95,7000","15,9503","12,4391"
"95,7500","15,9586","12,4364"
"95,8000","15,9669","12,4367"
"95,8500","15,9753","12,4382"
"95,9000","15,9836","12,4353"
"95,9500","15,9920","12,4338"
"96,0000","16,0003","12,4328"
"96,0500","16,0086","12,4304"
"96,1000","16,0169","12,4309"
"96,1500","16,0253","12,4298"
"96,2000","16,0336","12,4258"
"96,2500","16,0421","12,4278"
"96,3000","16,0504","12,4267"
"96,3500","16,0586","12,4251"
"96,4000","16,0671","12,4247"
"96,4500","16,0754","12,4206"
"96,5000","16,0837","12,4207"
"96,5500","16,0922","12,4214"
"96,6000","16,1005","12,4197"
"96,6500","16,1087","12,4174"
"96,7000","16,1170","12,4160"
"96,7500","16,1253","12,4128"
"96,8000","16,1336","12,4145"
"96,8500","16,1420","12,4155"
"96,9000","16,1505","12,4136"
"96,9500","16,1588","12,4118"
"97,0000","16,1671","12,4086"
"97,0500","16,1754","12,4045"
"97,1000","16,1838","12,4071"
"97,1500","16,1921","12,4066"
"97,2000","16,2004","12,4037"
"97,2500","16,2088","12,4033"
"97,3000","16,2169","12,4002"
"97,3500","16,2253","12,3973"
"97,4000","16,2337","12,4018"
"97,4500","16,2420","12,3989"
"97,5000","16,2504","12,3941"
"97,5500","16,2588","12,3944"
"97,6000","16,2672","12,3930"
"97,6500","16,2755","12,3919"
"97,7000","16,2838","12,3906"
"97,7500","16,2920","12,3866"
"97,8000","16,3004","12,3857"
"97,8500","16,3088","12,3859"
"97,9000","16,3171","12,3828"
"97,9500","16,3254","12,3837"
"98,0000","16,3337","12,3817"
"98,0500","16,3420","12,3756"
"98,1000","16,3503","12,3774"
"98,1500","16,3587","12,3787"
"98,2000","16,3671","12,3745"
"98,2500","16,3755","12,3742"
"98,3000","16,3837","12,3724"
"98,3500","16,3919","12,3658"
"98,4000","16,4003","12,3688"
"98,4500","16,4086","12,3695"
"98,5000","16,4169","12,3649"
"98,5500","16,4254","12,3643"
"98,6000","16,4337","12,3631"
"98,6500","16,4420","12,3572"
"98,7000","16,4504","12,3586"
"98,7500","16,4587","12,3577"
"98,8000","16,4670","12,3540"
"98,8500","16,4754","12,3533"
"98,9000","16,4837","12,3503"
"98,9500","16,4921","12,3498"
"99,0000","16,5005","12,3511"
"99,0500","16,5087","12,3464"
"99,1000","16,5170","12,3441"
"99,1500","16,5255","12,3428"
"99,2000","16,5339","12,3399"
"99,2500","16,5422","12,3411"
"99,3000","16,5503","12,3386"
"99,3500","16,5586","12,3320"
"99,4000","16,5669","12,3319"
"99,4500","16,5752","12,3319"
"99,5000","16,5836","12,3302"
"99,5500","16,5920","12,3315"
"99,6000","16,6003","12,3269"
"99,6500","16,6086","12,3203"
"99,7000","16,6169","12,3223"
"99,7500","16,6253","12,3214"
"99,8000","16,6336","12,3184"
"99,8500","16,6420","12,3178"
"99,9000","16,6504","12,3143"
"99,9500","16,6586","12,3103"
"100,0000","16,6669","12,3109"
"100,0500","16,6753","12,3078"
"100,1000","16,6837","12,3066"
"100,1500","16,6920","12,3052"
"100,2000","16,7005","12,3001"
"100,2500","16,7089","12,2997"
"100,3000","16,7171","12,2992"
"100,3500","16,7255","12,2952"
"100,4000","16,7338","12,2931"
"100,4500","16,7421","12,2896"
"100,5000","16,7504","12,2862"
"100,5500","16,7588","12,2887"
"100,6000","16,7671","12,2849"
"100,6500","16,7753","12,2801"
"100,7000","16,7837","12,2795"
"100,7500","16,7921","12,2762"
"100,8000","16,8004","12,2738"
"100,8500","16,8089","12,2761"
"100,9000","16,8171","12,2705"
"100,9500","16,8254","12,2656"
"101,0000","16,8337","12,2640"
"101,0500","16,8420","12,2623"
"101,1000","16,8503","12,2614"
"101,1500","16,8587","12,2604"
"101,2000","16,8670","12,2544"
"101,2500","16,8754","12,2528"
"101,3000","16,8837","12,2505"
"101,3500","16,8920","12,2463"
"101,4000","16,9004","12,2470"
"101,4500","16,9088","12,2428"
"101,5000","16,9171","12,2362"
"101,5500","16,9254","12,2377"
"101,6000","16,9337","12,2350"
"101,6500","16,9419","12,2304"
"101,7000","16,9503","12,2305"
"101,7500","16,9588","12,2261"
"101,8000","16,9671","12,2221"
"101,8500","16,9755","12,2224"
"101,9000","16,9838","12,2194"
"101,9500","16,9920","12,2120"
"102,0000","17,0003","12,2111"
"102,0500","17,0086","12,2078"
"102,1000","17,0169","12,2056"
"102,1500","17,0254","12,2070"
"102,2000","17,0337","12,2015"
"102,2500","17,0420","12,1968"
"102,3000","17,0503","12,1947"
"102,3500","17,0586","12,1903"
"102,4000","17,0670","12,1897"
"102,4500","17,0754","12,1899"
"102,5000","17,0838","12,1815"
"102,5500","17,0921","12,1794"
"102,6000","17,1003","12,1784"
"102,6500","17,1086","12,1727"
"102,7000","17,1170","12,1721"
"102,7500","17,1253","12,1686"
"102,8000","17,1338","12,1612"
"102,8500","17,1422","12,1623"
"102,9000","17,1504","12,1590"
"102,9500","17,1586","12,1529"
"103,0000","17,1670","12,1513"
"103,0500","17,1754","12,1465"
"103,1000","17,1836","12,1432"
"103,1500","17,1920","12,1432"
"103,2000","17,2004","12,1387"
"103,2500","17,2086","12,1331"
"103,3000","17,2169","12,1306"
"103,3500","17,2252","12,1266"
"103,4000","17,2335","12,1243"
"103,4500","17,2420","12,1239"
"103,5000","17,2504","12,1185"
"103,5500","17,2587","12,1139"
"103,6000","17,2670","12,1092"
"103,6500","17,2753","12,1051"
"103,7000","17,2836","12,1051"
"103,7500","17,2920","12,1017"
"103,8000","17,3004","12,0954"
"103,8500","17,3089","12,0942"
"103,9000","17,3172","12,0887"
"103,9500","17,3254","12,0840"
"104,0000","17,3339","12,0835"
"104,0500","17,3422","12,0775"
"104,1000","17,3505","12,0717"
"104,1500","17,3589","12,0712"
"104,2000","17,3671","12,0661"
"104,2500","17,3753","12,0616"
"104,3000","17,3837","12,0593"
"104,3500","17,3920","12,0528"
"104,4000","17,4003","12,0503"
"104,4500","17,4087","12,0487"
"104,5000","17,4171","12,0432"
"104,5500","17,4254","12,0399"
"104,6000","17,4337","12,0345"
"104,6500","17,4420","12,0287"
"104,7000","17,4503","12,0273"
"104,7500","17,4586","12,0246"
"104,8000","17,4670","12,0183"
"104,8500","17,4754","12,0150"
"104,9000","17,4836","12,0101"
"104,9500","17,4920","12,0042"
"105,0000","17,5003","12,0030"
"105,0500","17,5087","11,9990"
"105,1000","17,5171","11,9922"
"105,1500","17,5255","11,9900"
"105,2000","17,5337","11,9846"
"105,2500","17,5420","11,9795"
"105,3000","17,5503","11,9772"
"105,3500","17,5586","11,9705"
"105,4000","17,5670","11,9666"
"105,4500","17,5754","11,9632"
"105,5000","17,5837","11,9588"
"105,5500","17,5921","11,9555"
"105,6000","17,6004","11,9502"
"105,6500","17,6087","11,9422"
"105,7000","17,6170","11,9397"
"105,7500","17,6254","11,9379"
"105,8000","17,6338","11,9307"
"105,8500","17,6421","11,9267"
"105,9000","17,6503","11,9211"
"105,9500","17,6586","11,9144"
"106,0000","17,6670","11,9129"
"106,0500","17,6753","11,9094"
"106,1000","17,6837","11,9027"
"106,1500","17,6921","11,8989"
"106,2000","17,7004","11,8926"
"106,2500","17,7086","11,8855"
"106,3000","17,7170","11,8844"
"106,3500","17,7253","11,8797"
"106,4000","17,7336","11,8724"
"106,4500","17,7421","11,8693"
"106,5000","17,7504","11,8644"
"106,5500","17,7587","11,8580"
"106,6000","17,7670","11,8555"
"106,6500","17,7753","11,8479"
"106,7000","17,7837","11,8419"
"106,7500","17,7920","11,8398"
"106,8000","17,8004","11,8318"
"106,8500","17,8087","11,8276"
"106,9000","17,8169","11,8232"
"106,9500","17,8253","11,8145"
"107,0000","17,8337","11,8109"
"107,0500","17,8420","11,8083"
"107,1000","17,8504","11,8010"
"107,1500","17,8588","11,7981"
"107,2000","17,8670","11,7904"
"107,2500","17,8753","11,7822"
"107,3000","17,8836","11,7795"
"107,3500","17,8919","11,7740"
"107,4000","17,9003","11,7686"
"107,4500","17,9087","11,7662"
"107,5000","17,9171","11,7571"
"107,5500","17,9253","11,7497"
"107,6000","17,9337","11,7474"
"107,6500","17,9420","11,7412"
"107,7000","17,9504","11,7352"
"107,7500","17,9588","11,7299"
"107,8000","17,9672","11,7209"
"107,8500","17,9755","11,7162"
"107,9000","17,9837","11,7112"
"107,9500","17,9920","11,7046"
"108,0000","18,0003","11,6997"
"108,0500","18,0087","11,6933"
"108,1000","18,0171","11,6855"
"108,1500","18,0255","11,6820"
"108,2000","18,0338","11,6752"
"108,2500","18,0421","11,6692"
"108,3000","18,0505","11,6636"
"108,3500","18,0588","11,6555"
"108,4000","18,0672","11,6487"
"108,4500","18,0755","11,6451"
"108,5000","18,0837","11,6367"
"108,5500","18,0919","11,6301"
"108,6000","18,1003","11,6244"
"108,6500","18,1085","11,6165"
"108,7000","18,1169","11,6123"
"108,7500","18,1255","11,6089"
"108,8000","18,1338","11,5993"
"108,8500","18,1421","11,5916"
"108,9000","18,1504","11,5843"
"108,9500","18,1587","11,5772"
"109,0000","18,1670","11,5736"
"109,0500","18,1754","11,5672"
"109,1000","18,1837","11,5578"
"109,1500","18,1921","11,5511"
"109,2000","18,2004","11,5430"
"109,2500","18,2087","11,5365"
"109,3000","18,2170","11,5322"
"109,3500","18,2255","11,5252"
"109,4000","18,2338","11,5165"
"109,4500","18,2422","11,5105"
"109,5000","18,2504","11,5020"
"109,5500","18,2587","11,4949"
"109,6000","18,2671","11,4905"
"109,6500","18,2754","11,4820"
"109,7000","18,2837","11,4741"
"109,7500","18,2921","11,4684"
"109,8000","18,3004","11,4600"
"109,8500","18,3086","11,4525"
"109,9000","18,3170","11,4471"
"109,9500","18,3254","11,4363"
"110,0000","18,3336","11,4283"
"110,0500","18,3420","11,4234"
"110,1000","18,3503","11,4147"
"110,1500","18,3585","11,4075"
"110,2000","18,3669","11,4008"
"110,2500","18,3752","11,3899"
"110,3000","18,3836","11,3836"
"110,3500","18,3920","11,3773"
"110,4000","18,4003","11,3691"
"110,4500","18,4087","11,3626"
"110,5000","18,4170","11,3525"
"110,5500","18,4252","11,3416"
"110,6000","18,4336","11,3371"
"110,6500","18,4419","11,3289"
"110,7000","18,4503","11,3205"
"110,7500","18,4587","11,3152"
"110,8000","18,4671","11,3028"
"110,8500","18,4754","11,2934"
"110,9000","18,4838","11,2878"
"110,9500","18,4922","11,2784"
"111,0000","18,5005","11,2703"
"111,0500","18,5089","11,2631"
"111,1000","18,5172","11,2509"
"111,1500","18,5254","11,2425"
"111,2000","18,5337","11,2352"
"111,2500","18,5420","11,2271"
"111,3000","18,5504","11,2197"
"111,3500","18,5587","11,2092"
"111,4000","18,5671","11,1986"
"111,4500","18,5754","11,1920"
"111,5000","18,5837","11,1822"
"111,5500","18,5920","11,1728"
"111,6000","18,6004","11,1657"
"111,6500","18,6087","11,1542"
"111,7000","18,6170","11,1431"
"111,7500","18,6254","11,1376"
"111,8000","18,6336","11,1274"
"111,8500","18,6419","11,1154"
"111,9000","18,6503","11,1079"
"111,9500","18,6586","11,0967"
"112,0000","18,6671","11,0865"
"112,0500","18,6755","11,0796"
"112,1000","18,6838","11,0694"
"112,1500","18,6920","11,0571"
"112,2000","18,7004","11,0481"
"112,2500","18,7087","11,0365"
"112,3000","18,7170","11,0278"
"112,3500","18,7255","11,0212"
"112,4000","18,7338","11,0092"
"112,4500","18,7421","10,9983"
"112,5000","18,7503","10,9867"
"112,5500","18,7587","10,9739"
"112,6000","18,7671","10,9671"
"112,6500","18,7755","10,9580"
"112,7000","18,7838","10,9459"
"112,7500","18,7921","10,9357"
"112,8000","18,8004","10,9221"
"112,8500","18,8087","10,9102"
"112,9000","18,8170","10,9031"
"112,9500","18,8253","10,8920"
"113,0000","18,8337","10,8804"
"113,0500","18,8421","10,8695"
"113,1000","18,8504","10,8553"
"113,1500","18,8587","10,8451"
"113,2000","18,8671","10,8358"
"113,2500","18,8753","10,8230"
"113,3000","18,8836","10,8126"
"113,3500","18,8920","10,8012"
"113,4000","18,9004","10,7874"
"113,4500","18,9086","10,7769"
"113,5000","18,9169","10,7662"
"113,5500","18,9253","10,7529"
"113,6000","18,9337","10,7398"
"113,6500","18,9420","10,7279"
"113,7000","18,9504","10,7141"
"113,7500","18,9588","10,7037"
"113,8000","18,9670","10,6909"
"113,8500","18,9752","10,6768"
"113,9000","18,9836","10,6660"
"113,9500","18,9920","10,6509"
"114,0000","19,0003","10,6378"
"114,0500","19,0088","10,6286"
"114,1000","19,0170","10,6133"
"114,1500","19,0253","10,5991"
"114,2000","19,0337","10,5862"
"114,2500","19,0420","10,5708"
"114,3000","19,0503","10,5593"
"114,3500","19,0587","10,5473"
"114,4000","19,0670","10,5314"
"114,4500","19,0753","10,5182"
"114,5000","19,0837","10,5030"
"114,5500","19,0920","10,4877"
"114,6000","19,1004","10,4761"
"114,6500","19,1087","10,4631"
"114,7000","19,1172","10,4453"
"114,7500","19,1255","10,4294"
"114,8000","19,1338","10,4149"
"114,8500","19,1421","10,3991"
"114,9000","19,1505","10,3868"
"114,9500","19,1588","10,3713"
"115,0000","19,1671","10,3525"
"115,0500","19,1755","10,3394"
"115,1000","19,1837","10,3220"
"115,1500","19,1920","10,3065"
"115,2000","19,2004","10,2934"
"115,2500","19,2087","10,2749"
"115,3000","19,2172","10,2573"
"115,3500","19,2256","10,2424"
"115,4000","19,2337","10,2242"
"115,4500","19,2420","10,2086"
"115,5000","19,2503","10,1930"
"115,5500","19,2586","10,1733"
"115,6000","19,2670","10,1564"
"115,6500","19,2754","10,1398"
"115,7000","19,2837","10,1203"
"115,7500","19,2920","10,1047"
"115,8000","19,3004","10,0868"
"115,8500","19,3087","10,0644"
"115,9000","19,3170","10,0471"
"115,9500","19,3253","10,0301"
"116,0000","19,3337","10,0092"
"116,0500","19,3421","9,9924"
"116,1000","19,3503","9,9721"
"116,1500","19,3587","9,9492"
"116,2000","19,3671","9,9310"
"116,2500","19,3754","9,9130"
"116,3000","19,3838","9,8908"
"116,3500","19,3922","9,8730"
"116,4000","19,4004","9,8484"
"116,4500","19,4087","9,8255"
"116,5000","19,4171","9,8074"
"116,5500","19,4254","9,7846"
"116,6000","19,4337","9,7652"
"116,6500","19,4422","9,7435"
"116,7000","19,4505","9,7172"
"116,7500","19,4588","9,6946"
"116,8000","19,4671","9,6720"
"116,8500","19,4753","9,6483"
"116,9000","19,4837","9,6264"
"116,9500","19,4921","9,6013"
"117,0000","19,5004","9,5748"
"117,0500","19,5087","9,5499"
"117,1000","19,5169","9,5255"
"117,1500","19,5253","9,5013"
"117,2000","19,5336","9,4746"
"117,2500","19,5420","9,4454"
"117,3000","19,5504","9,4155"
"117,3500","19,5588","9,3898"
"117,4000","19,5671","9,3618"
"117,4500","19,5753","9,3312"
"117,5000","19,5837","9,3038"
"117,5500","19,5919","9,2701"
"117,6000","19,6003","9,2363"
"117,6500","19,6087","9,2071"
"117,7000","19,6170","9,1718"
"117,7500","19,6253","9,1365"
"117,8000","19,6337","9,0966"
"117,8500","19,6420","9,0489"
"117,9000","19,6504","8,9931"
"117,9500","19,6588","8,8424"
"118,0000","19,6675","7,2226"
"118,0420","19,6748","5,3121"
